"Date of data","Commodity code","Commodity","US dollar",
"202401","6401","Waterproof footwear with outer soles and uppers of rubber or of plastics, the uppers of which are neither fixed to the sole nor
assembled by stitching, riveting, nailing, screwing, plugging or similar processes.","53,172,148",
"202401","6402","Other footwear with outer soles and uppers of rubber or plastics.","3,035,022,792",
"202401","6403","ootwear with outer soles of rubber, plastics, leather or composition leather and uppers of leather.","730,311,817",
"202401","6404","Footwear with outer soles of rubber, plastics, leather or composition leather and uppers of textile materials.","1,411,267,216",
"202401","6405","Other footwear.","109,892,157",
"202402","6401","Waterproof footwear with outer soles and uppers of rubber or of plastics, the uppers of which are neither fixed to the sole nor
assembled by stitching, riveting, nailing, screwing, plugging or similar processes.","33,049,578",
"202402","6402","Other footwear with outer soles and uppers of rubber or plastics.","1,814,707,876",
"202402","6403","ootwear with outer soles of rubber, plastics, leather or composition leather and uppers of leather.","525,983,290",
"202402","6404","Footwear with outer soles of rubber, plastics, leather or composition leather and uppers of textile materials.","882,355,134",
"202402","6405","Other footwear.","58,467,579",
"202403","6401","Waterproof footwear with outer soles and uppers of rubber or of plastics, the uppers of which are neither fixed to the sole nor
assembled by stitching, riveting, nailing, screwing, plugging or similar processes.","39,216,572",
"202403","6402","Other footwear with outer soles and uppers of rubber or plastics.","1,576,607,397",
"202403","6403","ootwear with outer soles of rubber, plastics, leather or composition leather and uppers of leather.","421,271,066",
"202403","6404","Footwear with outer soles of rubber, plastics, leather or composition leather and uppers of textile materials.","753,248,743",
"202403","6405","Other footwear.","95,453,733",
"202404","6401","Waterproof footwear with outer soles and uppers of rubber or of plastics, the uppers of which are neither fixed to the sole nor
assembled by stitching, riveting, nailing, screwing, plugging or similar processes.","49,142,136",
"202404","6402","Other footwear with outer soles and uppers of rubber or plastics.","1,978,257,508",
"202404","6403","ootwear with outer soles of rubber, plastics, leather or composition leather and uppers of leather.","473,672,356",
"202404","6404","Footwear with outer soles of rubber, plastics, leather or composition leather and uppers of textile materials.","875,550,540",
"202404","6405","Other footwear.","115,434,645",
"202405","6401","Waterproof footwear with outer soles and uppers of rubber or of plastics, the uppers of which are neither fixed to the sole nor
assembled by stitching, riveting, nailing, screwing, plugging or similar processes.","63,098,569",
"202405","6402","Other footwear with outer soles and uppers of rubber or plastics.","2,240,052,796",
"202405","6403","ootwear with outer soles of rubber, plastics, leather or composition leather and uppers of leather.","615,694,632",
"202405","6404","Footwear with outer soles of rubber, plastics, leather or composition leather and uppers of textile materials.","1,020,306,200",
"202405","6405","Other footwear.","113,145,434",
"202406","6401","Waterproof footwear with outer soles and uppers of rubber or of plastics, the uppers of which are neither fixed to the sole nor
assembled by stitching, riveting, nailing, screwing, plugging or similar processes.","71,530,228",
"202406","6402","Other footwear with outer soles and uppers of rubber or plastics.","2,213,761,985",
"202406","6403","ootwear with outer soles of rubber, plastics, leather or composition leather and uppers of leather.","807,282,790",
"202406","6404","Footwear with outer soles of rubber, plastics, leather or composition leather and uppers of textile materials.","1,080,041,644",
"202406","6405","Other footwear.","124,459,220",
"202407","6401","Waterproof footwear with outer soles and uppers of rubber or of plastics, the uppers of which are neither fixed to the sole nor
assembled by stitching, riveting, nailing, screwing, plugging or similar processes.","66,580,038",
"202407","6402","Other footwear with outer soles and uppers of rubber or plastics.","2,128,151,063",
"202407","6403","ootwear with outer soles of rubber, plastics, leather or composition leather and uppers of leather.","850,517,671",
"202407","6404","Footwear with outer soles of rubber, plastics, leather or composition leather and uppers of textile materials.","1,078,494,846",
"202407","6405","Other footwear.","145,416,115",
"202408","6401","Waterproof footwear with outer soles and uppers of rubber or of plastics, the uppers of which are neither fixed to the sole nor
assembled by stitching, riveting, nailing, screwing, plugging or similar processes.","60,914,616",
"202408","6402","Other footwear with outer soles and uppers of rubber or plastics.","1,959,423,815",
"202408","6403","ootwear with outer soles of rubber, plastics, leather or composition leather and uppers of leather.","787,723,235",
"202408","6404","Footwear with outer soles of rubber, plastics, leather or composition leather and uppers of textile materials.","1,068,186,160",
"202408","6405","Other footwear.","139,188,941",
"202409","6401","Waterproof footwear with outer soles and uppers of rubber or of plastics, the uppers of which are neither fixed to the sole nor
assembled by stitching, riveting, nailing, screwing, plugging or similar processes.","50,908,281",
"202409","6402","Other footwear with outer soles and uppers of rubber or plastics.","1,621,691,625",
"202409","6403","ootwear with outer soles of rubber, plastics, leather or composition leather and uppers of leather.","614,572,808",
"202409","6404","Footwear with outer soles of rubber, plastics, leather or composition leather and uppers of textile materials.","898,390,604",
"202409","6405","Other footwear.","133,720,826",
"202410","6401","Waterproof footwear with outer soles and uppers of rubber or of plastics, the uppers of which are neither fixed to the sole nor
assembled by stitching, riveting, nailing, screwing, plugging or similar processes.","49,345,240",
"202410","6402","Other footwear with outer soles and uppers of rubber or plastics.","1,702,008,756",
"202410","6403","ootwear with outer soles of rubber, plastics, leather or composition leather and uppers of leather.","587,386,445",
"202410","6404","Footwear with outer soles of rubber, plastics, leather or composition leather and uppers of textile materials.","909,982,346",
"202410","6405","Other footwear.","121,365,703",
"202411","6401","Waterproof footwear with outer soles and uppers of rubber or of plastics, the uppers of which are neither fixed to the sole nor
assembled by stitching, riveting, nailing, screwing, plugging or similar processes.","49,806,567",
"202411","6402","Other footwear with outer soles and uppers of rubber or plastics.","1,919,789,756",
"202411","6403","ootwear with outer soles of rubber, plastics, leather or composition leather and uppers of leather.","658,362,560",
"202411","6404","Footwear with outer soles of rubber, plastics, leather or composition leather and uppers of textile materials.","1,025,956,700",
"202411","6405","Other footwear.","126,960,739",
"202412","6401","Waterproof footwear with outer soles and uppers of rubber or of plastics, the uppers of which are neither fixed to the sole nor
assembled by stitching, riveting, nailing, screwing, plugging or similar processes.","61,081,968",
"202412","6402","Other footwear with outer soles and uppers of rubber or plastics.","2,493,783,269",
"202412","6403","ootwear with outer soles of rubber, plastics, leather or composition leather and uppers of leather.","764,675,317",
"202412","6404","Footwear with outer soles of rubber, plastics, leather or composition leather and uppers of textile materials.","1,245,555,416",
"202412","6405","Other footwear.","166,111,980",
