"Date of data","Commodity code","Commodity","Trading partner code","Trading partner","US dollar",
"202401","6401","Waterproof footwear with outer soles and uppers of rubber or of plastics, the uppers of which are neither fixed to the sole nor
assembled by stitching, riveting, nailing, screwing, plugging or similar processes.","116","Japan","8,437,640",
"202401","6401","Waterproof footwear with outer soles and uppers of rubber or of plastics, the uppers of which are neither fixed to the sole nor
assembled by stitching, riveting, nailing, screwing, plugging or similar processes.","141","Viet Nam","641,078",
"202401","6401","Waterproof footwear with outer soles and uppers of rubber or of plastics, the uppers of which are neither fixed to the sole nor
assembled by stitching, riveting, nailing, screwing, plugging or similar processes.","304","Germany","2,800,573",
"202401","6401","Waterproof footwear with outer soles and uppers of rubber or of plastics, the uppers of which are neither fixed to the sole nor
assembled by stitching, riveting, nailing, screwing, plugging or similar processes.","344","Russia","706,016",
"202401","6401","Waterproof footwear with outer soles and uppers of rubber or of plastics, the uppers of which are neither fixed to the sole nor
assembled by stitching, riveting, nailing, screwing, plugging or similar processes.","402","Argentina","47,590",
"202401","6401","Waterproof footwear with outer soles and uppers of rubber or of plastics, the uppers of which are neither fixed to the sole nor
assembled by stitching, riveting, nailing, screwing, plugging or similar processes.","410","Brazil","36,828",
"202401","6401","Waterproof footwear with outer soles and uppers of rubber or of plastics, the uppers of which are neither fixed to the sole nor
assembled by stitching, riveting, nailing, screwing, plugging or similar processes.","502","United States","11,827,968",
"202401","6402","Other footwear with outer soles and uppers of rubber or plastics.","116","Japan","92,576,853",
"202401","6402","Other footwear with outer soles and uppers of rubber or plastics.","141","Viet Nam","52,617,691",
"202401","6402","Other footwear with outer soles and uppers of rubber or plastics.","304","Germany","73,982,592",
"202401","6402","Other footwear with outer soles and uppers of rubber or plastics.","344","Russia","142,273,105",
"202401","6402","Other footwear with outer soles and uppers of rubber or plastics.","402","Argentina","2,290,509",
"202401","6402","Other footwear with outer soles and uppers of rubber or plastics.","410","Brazil","1,448,982",
"202401","6402","Other footwear with outer soles and uppers of rubber or plastics.","502","United States","443,513,518",
"202401","6403","ootwear with outer soles of rubber, plastics, leather or composition leather and uppers of leather.","116","Japan","17,964,890",
"202401","6403","ootwear with outer soles of rubber, plastics, leather or composition leather and uppers of leather.","141","Viet Nam","13,868,134",
"202401","6403","ootwear with outer soles of rubber, plastics, leather or composition leather and uppers of leather.","304","Germany","20,822,080",
"202401","6403","ootwear with outer soles of rubber, plastics, leather or composition leather and uppers of leather.","344","Russia","101,158,336",
"202401","6403","ootwear with outer soles of rubber, plastics, leather or composition leather and uppers of leather.","402","Argentina","427,381",
"202401","6403","ootwear with outer soles of rubber, plastics, leather or composition leather and uppers of leather.","410","Brazil","770,815",
"202401","6403","ootwear with outer soles of rubber, plastics, leather or composition leather and uppers of leather.","502","United States","175,196,928",
"202401","6404","Footwear with outer soles of rubber, plastics, leather or composition leather and uppers of textile materials.","116","Japan","71,557,394",
"202401","6404","Footwear with outer soles of rubber, plastics, leather or composition leather and uppers of textile materials.","141","Viet Nam","16,683,992",
"202401","6404","Footwear with outer soles of rubber, plastics, leather or composition leather and uppers of textile materials.","304","Germany","56,752,516",
"202401","6404","Footwear with outer soles of rubber, plastics, leather or composition leather and uppers of textile materials.","344","Russia","93,191,303",
"202401","6404","Footwear with outer soles of rubber, plastics, leather or composition leather and uppers of textile materials.","402","Argentina","1,245,508",
"202401","6404","Footwear with outer soles of rubber, plastics, leather or composition leather and uppers of textile materials.","410","Brazil","5,410,872",
"202401","6404","Footwear with outer soles of rubber, plastics, leather or composition leather and uppers of textile materials.","502","United States","301,977,228",
"202401","6405","Other footwear.","116","Japan","7,188,038",
"202401","6405","Other footwear.","141","Viet Nam","3,060,874",
"202401","6405","Other footwear.","304","Germany","833,790",
"202401","6405","Other footwear.","344","Russia","3,740,470",
"202401","6405","Other footwear.","402","Argentina","83,032",
"202401","6405","Other footwear.","410","Brazil","763,383",
"202401","6405","Other footwear.","502","United States","13,490,246",
"202402","6401","Waterproof footwear with outer soles and uppers of rubber or of plastics, the uppers of which are neither fixed to the sole nor
assembled by stitching, riveting, nailing, screwing, plugging or similar processes.","116","Japan","3,778,938",
"202402","6401","Waterproof footwear with outer soles and uppers of rubber or of plastics, the uppers of which are neither fixed to the sole nor
assembled by stitching, riveting, nailing, screwing, plugging or similar processes.","141","Viet Nam","143,272",
"202402","6401","Waterproof footwear with outer soles and uppers of rubber or of plastics, the uppers of which are neither fixed to the sole nor
assembled by stitching, riveting, nailing, screwing, plugging or similar processes.","304","Germany","342,651",
"202402","6401","Waterproof footwear with outer soles and uppers of rubber or of plastics, the uppers of which are neither fixed to the sole nor
assembled by stitching, riveting, nailing, screwing, plugging or similar processes.","344","Russia","413,344",
"202402","6401","Waterproof footwear with outer soles and uppers of rubber or of plastics, the uppers of which are neither fixed to the sole nor
assembled by stitching, riveting, nailing, screwing, plugging or similar processes.","402","Argentina","7,658",
"202402","6401","Waterproof footwear with outer soles and uppers of rubber or of plastics, the uppers of which are neither fixed to the sole nor
assembled by stitching, riveting, nailing, screwing, plugging or similar processes.","410","Brazil","159,317",
"202402","6401","Waterproof footwear with outer soles and uppers of rubber or of plastics, the uppers of which are neither fixed to the sole nor
assembled by stitching, riveting, nailing, screwing, plugging or similar processes.","502","United States","9,032,818",
"202402","6402","Other footwear with outer soles and uppers of rubber or plastics.","116","Japan","56,468,734",
"202402","6402","Other footwear with outer soles and uppers of rubber or plastics.","141","Viet Nam","23,625,081",
"202402","6402","Other footwear with outer soles and uppers of rubber or plastics.","304","Germany","52,325,447",
"202402","6402","Other footwear with outer soles and uppers of rubber or plastics.","344","Russia","93,049,542",
"202402","6402","Other footwear with outer soles and uppers of rubber or plastics.","402","Argentina","2,376,629",
"202402","6402","Other footwear with outer soles and uppers of rubber or plastics.","410","Brazil","1,027,512",
"202402","6402","Other footwear with outer soles and uppers of rubber or plastics.","502","United States","300,593,080",
"202402","6403","ootwear with outer soles of rubber, plastics, leather or composition leather and uppers of leather.","116","Japan","12,817,073",
"202402","6403","ootwear with outer soles of rubber, plastics, leather or composition leather and uppers of leather.","141","Viet Nam","3,414,472",
"202402","6403","ootwear with outer soles of rubber, plastics, leather or composition leather and uppers of leather.","304","Germany","17,226,902",
"202402","6403","ootwear with outer soles of rubber, plastics, leather or composition leather and uppers of leather.","344","Russia","75,026,313",
"202402","6403","ootwear with outer soles of rubber, plastics, leather or composition leather and uppers of leather.","402","Argentina","1,405,118",
"202402","6403","ootwear with outer soles of rubber, plastics, leather or composition leather and uppers of leather.","410","Brazil","628,954",
"202402","6403","ootwear with outer soles of rubber, plastics, leather or composition leather and uppers of leather.","502","United States","135,479,817",
"202402","6404","Footwear with outer soles of rubber, plastics, leather or composition leather and uppers of textile materials.","116","Japan","44,242,442",
"202402","6404","Footwear with outer soles of rubber, plastics, leather or composition leather and uppers of textile materials.","141","Viet Nam","7,455,313",
"202402","6404","Footwear with outer soles of rubber, plastics, leather or composition leather and uppers of textile materials.","304","Germany","38,453,984",
"202402","6404","Footwear with outer soles of rubber, plastics, leather or composition leather and uppers of textile materials.","344","Russia","59,237,423",
"202402","6404","Footwear with outer soles of rubber, plastics, leather or composition leather and uppers of textile materials.","402","Argentina","2,722,138",
"202402","6404","Footwear with outer soles of rubber, plastics, leather or composition leather and uppers of textile materials.","410","Brazil","2,655,217",
"202402","6404","Footwear with outer soles of rubber, plastics, leather or composition leather and uppers of textile materials.","502","United States","205,700,691",
"202402","6405","Other footwear.","116","Japan","5,516,271",
"202402","6405","Other footwear.","141","Viet Nam","631,493",
"202402","6405","Other footwear.","304","Germany","619,348",
"202402","6405","Other footwear.","344","Russia","1,317,741",
"202402","6405","Other footwear.","410","Brazil","584,150",
"202402","6405","Other footwear.","502","United States","9,837,901",
"202403","6401","Waterproof footwear with outer soles and uppers of rubber or of plastics, the uppers of which are neither fixed to the sole nor
assembled by stitching, riveting, nailing, screwing, plugging or similar processes.","116","Japan","7,216,310",
"202403","6401","Waterproof footwear with outer soles and uppers of rubber or of plastics, the uppers of which are neither fixed to the sole nor
assembled by stitching, riveting, nailing, screwing, plugging or similar processes.","141","Viet Nam","976,501",
"202403","6401","Waterproof footwear with outer soles and uppers of rubber or of plastics, the uppers of which are neither fixed to the sole nor
assembled by stitching, riveting, nailing, screwing, plugging or similar processes.","304","Germany","397,934",
"202403","6401","Waterproof footwear with outer soles and uppers of rubber or of plastics, the uppers of which are neither fixed to the sole nor
assembled by stitching, riveting, nailing, screwing, plugging or similar processes.","344","Russia","733,088",
"202403","6401","Waterproof footwear with outer soles and uppers of rubber or of plastics, the uppers of which are neither fixed to the sole nor
assembled by stitching, riveting, nailing, screwing, plugging or similar processes.","402","Argentina","501",
"202403","6401","Waterproof footwear with outer soles and uppers of rubber or of plastics, the uppers of which are neither fixed to the sole nor
assembled by stitching, riveting, nailing, screwing, plugging or similar processes.","410","Brazil","4,352",
"202403","6401","Waterproof footwear with outer soles and uppers of rubber or of plastics, the uppers of which are neither fixed to the sole nor
assembled by stitching, riveting, nailing, screwing, plugging or similar processes.","502","United States","7,910,318",
"202403","6402","Other footwear with outer soles and uppers of rubber or plastics.","116","Japan","74,016,575",
"202403","6402","Other footwear with outer soles and uppers of rubber or plastics.","141","Viet Nam","70,461,340",
"202403","6402","Other footwear with outer soles and uppers of rubber or plastics.","304","Germany","31,500,456",
"202403","6402","Other footwear with outer soles and uppers of rubber or plastics.","344","Russia","91,437,559",
"202403","6402","Other footwear with outer soles and uppers of rubber or plastics.","402","Argentina","454,221",
"202403","6402","Other footwear with outer soles and uppers of rubber or plastics.","410","Brazil","1,184,551",
"202403","6402","Other footwear with outer soles and uppers of rubber or plastics.","502","United States","272,704,865",
"202403","6403","ootwear with outer soles of rubber, plastics, leather or composition leather and uppers of leather.","116","Japan","8,658,861",
"202403","6403","ootwear with outer soles of rubber, plastics, leather or composition leather and uppers of leather.","141","Viet Nam","12,889,267",
"202403","6403","ootwear with outer soles of rubber, plastics, leather or composition leather and uppers of leather.","304","Germany","10,050,227",
"202403","6403","ootwear with outer soles of rubber, plastics, leather or composition leather and uppers of leather.","344","Russia","20,204,971",
"202403","6403","ootwear with outer soles of rubber, plastics, leather or composition leather and uppers of leather.","402","Argentina","513,351",
"202403","6403","ootwear with outer soles of rubber, plastics, leather or composition leather and uppers of leather.","410","Brazil","559,012",
"202403","6403","ootwear with outer soles of rubber, plastics, leather or composition leather and uppers of leather.","502","United States","125,986,577",
"202403","6404","Footwear with outer soles of rubber, plastics, leather or composition leather and uppers of textile materials.","116","Japan","60,196,955",
"202403","6404","Footwear with outer soles of rubber, plastics, leather or composition leather and uppers of textile materials.","141","Viet Nam","16,938,519",
"202403","6404","Footwear with outer soles of rubber, plastics, leather or composition leather and uppers of textile materials.","304","Germany","23,103,004",
"202403","6404","Footwear with outer soles of rubber, plastics, leather or composition leather and uppers of textile materials.","344","Russia","41,143,166",
"202403","6404","Footwear with outer soles of rubber, plastics, leather or composition leather and uppers of textile materials.","402","Argentina","631,192",
"202403","6404","Footwear with outer soles of rubber, plastics, leather or composition leather and uppers of textile materials.","410","Brazil","1,002,746",
"202403","6404","Footwear with outer soles of rubber, plastics, leather or composition leather and uppers of textile materials.","502","United States","188,486,314",
"202403","6405","Other footwear.","116","Japan","6,696,621",
"202403","6405","Other footwear.","141","Viet Nam","4,398,994",
"202403","6405","Other footwear.","304","Germany","570,417",
"202403","6405","Other footwear.","344","Russia","999,507",
"202403","6405","Other footwear.","402","Argentina","5,374",
"202403","6405","Other footwear.","410","Brazil","160,675",
"202403","6405","Other footwear.","502","United States","10,588,835",
"202404","6401","Waterproof footwear with outer soles and uppers of rubber or of plastics, the uppers of which are neither fixed to the sole nor
assembled by stitching, riveting, nailing, screwing, plugging or similar processes.","116","Japan","6,206,060",
"202404","6401","Waterproof footwear with outer soles and uppers of rubber or of plastics, the uppers of which are neither fixed to the sole nor
assembled by stitching, riveting, nailing, screwing, plugging or similar processes.","141","Viet Nam","1,054,376",
"202404","6401","Waterproof footwear with outer soles and uppers of rubber or of plastics, the uppers of which are neither fixed to the sole nor
assembled by stitching, riveting, nailing, screwing, plugging or similar processes.","304","Germany","1,077,512",
"202404","6401","Waterproof footwear with outer soles and uppers of rubber or of plastics, the uppers of which are neither fixed to the sole nor
assembled by stitching, riveting, nailing, screwing, plugging or similar processes.","344","Russia","304,844",
"202404","6401","Waterproof footwear with outer soles and uppers of rubber or of plastics, the uppers of which are neither fixed to the sole nor
assembled by stitching, riveting, nailing, screwing, plugging or similar processes.","410","Brazil","9,299",
"202404","6401","Waterproof footwear with outer soles and uppers of rubber or of plastics, the uppers of which are neither fixed to the sole nor
assembled by stitching, riveting, nailing, screwing, plugging or similar processes.","502","United States","9,969,979",
"202404","6402","Other footwear with outer soles and uppers of rubber or plastics.","116","Japan","71,950,402",
"202404","6402","Other footwear with outer soles and uppers of rubber or plastics.","141","Viet Nam","49,244,069",
"202404","6402","Other footwear with outer soles and uppers of rubber or plastics.","304","Germany","44,196,583",
"202404","6402","Other footwear with outer soles and uppers of rubber or plastics.","344","Russia","78,068,723",
"202404","6402","Other footwear with outer soles and uppers of rubber or plastics.","402","Argentina","427,556",
"202404","6402","Other footwear with outer soles and uppers of rubber or plastics.","410","Brazil","1,504,728",
"202404","6402","Other footwear with outer soles and uppers of rubber or plastics.","502","United States","312,996,528",
"202404","6403","ootwear with outer soles of rubber, plastics, leather or composition leather and uppers of leather.","116","Japan","12,165,216",
"202404","6403","ootwear with outer soles of rubber, plastics, leather or composition leather and uppers of leather.","141","Viet Nam","8,343,970",
"202404","6403","ootwear with outer soles of rubber, plastics, leather or composition leather and uppers of leather.","304","Germany","19,012,281",
"202404","6403","ootwear with outer soles of rubber, plastics, leather or composition leather and uppers of leather.","344","Russia","21,954,913",
"202404","6403","ootwear with outer soles of rubber, plastics, leather or composition leather and uppers of leather.","402","Argentina","287,899",
"202404","6403","ootwear with outer soles of rubber, plastics, leather or composition leather and uppers of leather.","410","Brazil","242,641",
"202404","6403","ootwear with outer soles of rubber, plastics, leather or composition leather and uppers of leather.","502","United States","139,660,199",
"202404","6404","Footwear with outer soles of rubber, plastics, leather or composition leather and uppers of textile materials.","116","Japan","59,134,077",
"202404","6404","Footwear with outer soles of rubber, plastics, leather or composition leather and uppers of textile materials.","141","Viet Nam","14,815,166",
"202404","6404","Footwear with outer soles of rubber, plastics, leather or composition leather and uppers of textile materials.","304","Germany","27,807,058",
"202404","6404","Footwear with outer soles of rubber, plastics, leather or composition leather and uppers of textile materials.","344","Russia","34,584,197",
"202404","6404","Footwear with outer soles of rubber, plastics, leather or composition leather and uppers of textile materials.","402","Argentina","871,128",
"202404","6404","Footwear with outer soles of rubber, plastics, leather or composition leather and uppers of textile materials.","410","Brazil","1,512,071",
"202404","6404","Footwear with outer soles of rubber, plastics, leather or composition leather and uppers of textile materials.","502","United States","214,722,853",
"202404","6405","Other footwear.","116","Japan","7,089,302",
"202404","6405","Other footwear.","141","Viet Nam","3,402,605",
"202404","6405","Other footwear.","304","Germany","694,267",
"202404","6405","Other footwear.","344","Russia","1,729,880",
"202404","6405","Other footwear.","402","Argentina","15,336",
"202404","6405","Other footwear.","410","Brazil","241,333",
"202404","6405","Other footwear.","502","United States","13,306,833",
"202405","6401","Waterproof footwear with outer soles and uppers of rubber or of plastics, the uppers of which are neither fixed to the sole nor
assembled by stitching, riveting, nailing, screwing, plugging or similar processes.","116","Japan","7,627,341",
"202405","6401","Waterproof footwear with outer soles and uppers of rubber or of plastics, the uppers of which are neither fixed to the sole nor
assembled by stitching, riveting, nailing, screwing, plugging or similar processes.","141","Viet Nam","247,653",
"202405","6401","Waterproof footwear with outer soles and uppers of rubber or of plastics, the uppers of which are neither fixed to the sole nor
assembled by stitching, riveting, nailing, screwing, plugging or similar processes.","304","Germany","2,764,965",
"202405","6401","Waterproof footwear with outer soles and uppers of rubber or of plastics, the uppers of which are neither fixed to the sole nor
assembled by stitching, riveting, nailing, screwing, plugging or similar processes.","344","Russia","1,034,047",
"202405","6401","Waterproof footwear with outer soles and uppers of rubber or of plastics, the uppers of which are neither fixed to the sole nor
assembled by stitching, riveting, nailing, screwing, plugging or similar processes.","402","Argentina","17,549",
"202405","6401","Waterproof footwear with outer soles and uppers of rubber or of plastics, the uppers of which are neither fixed to the sole nor
assembled by stitching, riveting, nailing, screwing, plugging or similar processes.","410","Brazil","84,258",
"202405","6401","Waterproof footwear with outer soles and uppers of rubber or of plastics, the uppers of which are neither fixed to the sole nor
assembled by stitching, riveting, nailing, screwing, plugging or similar processes.","502","United States","15,537,767",
"202405","6402","Other footwear with outer soles and uppers of rubber or plastics.","116","Japan","65,002,167",
"202405","6402","Other footwear with outer soles and uppers of rubber or plastics.","141","Viet Nam","40,140,104",
"202405","6402","Other footwear with outer soles and uppers of rubber or plastics.","304","Germany","58,917,093",
"202405","6402","Other footwear with outer soles and uppers of rubber or plastics.","344","Russia","105,650,887",
"202405","6402","Other footwear with outer soles and uppers of rubber or plastics.","402","Argentina","1,206,762",
"202405","6402","Other footwear with outer soles and uppers of rubber or plastics.","410","Brazil","1,486,908",
"202405","6402","Other footwear with outer soles and uppers of rubber or plastics.","502","United States","341,889,671",
"202405","6403","ootwear with outer soles of rubber, plastics, leather or composition leather and uppers of leather.","116","Japan","7,269,697",
"202405","6403","ootwear with outer soles of rubber, plastics, leather or composition leather and uppers of leather.","141","Viet Nam","6,924,460",
"202405","6403","ootwear with outer soles of rubber, plastics, leather or composition leather and uppers of leather.","304","Germany","24,754,062",
"202405","6403","ootwear with outer soles of rubber, plastics, leather or composition leather and uppers of leather.","344","Russia","37,109,443",
"202405","6403","ootwear with outer soles of rubber, plastics, leather or composition leather and uppers of leather.","402","Argentina","727,181",
"202405","6403","ootwear with outer soles of rubber, plastics, leather or composition leather and uppers of leather.","410","Brazil","534,702",
"202405","6403","ootwear with outer soles of rubber, plastics, leather or composition leather and uppers of leather.","502","United States","188,933,388",
"202405","6404","Footwear with outer soles of rubber, plastics, leather or composition leather and uppers of textile materials.","116","Japan","49,846,889",
"202405","6404","Footwear with outer soles of rubber, plastics, leather or composition leather and uppers of textile materials.","141","Viet Nam","12,516,898",
"202405","6404","Footwear with outer soles of rubber, plastics, leather or composition leather and uppers of textile materials.","304","Germany","33,514,727",
"202405","6404","Footwear with outer soles of rubber, plastics, leather or composition leather and uppers of textile materials.","344","Russia","49,790,795",
"202405","6404","Footwear with outer soles of rubber, plastics, leather or composition leather and uppers of textile materials.","402","Argentina","767,397",
"202405","6404","Footwear with outer soles of rubber, plastics, leather or composition leather and uppers of textile materials.","410","Brazil","2,233,055",
"202405","6404","Footwear with outer soles of rubber, plastics, leather or composition leather and uppers of textile materials.","502","United States","250,021,831",
"202405","6405","Other footwear.","116","Japan","6,159,636",
"202405","6405","Other footwear.","141","Viet Nam","2,390,107",
"202405","6405","Other footwear.","304","Germany","1,051,102",
"202405","6405","Other footwear.","344","Russia","1,473,501",
"202405","6405","Other footwear.","402","Argentina","14,526",
"202405","6405","Other footwear.","410","Brazil","134,467",
"202405","6405","Other footwear.","502","United States","19,867,936",
"202406","6401","Waterproof footwear with outer soles and uppers of rubber or of plastics, the uppers of which are neither fixed to the sole nor
assembled by stitching, riveting, nailing, screwing, plugging or similar processes.","116","Japan","6,935,512",
"202406","6401","Waterproof footwear with outer soles and uppers of rubber or of plastics, the uppers of which are neither fixed to the sole nor
assembled by stitching, riveting, nailing, screwing, plugging or similar processes.","141","Viet Nam","1,319,749",
"202406","6401","Waterproof footwear with outer soles and uppers of rubber or of plastics, the uppers of which are neither fixed to the sole nor
assembled by stitching, riveting, nailing, screwing, plugging or similar processes.","304","Germany","4,166,884",
"202406","6401","Waterproof footwear with outer soles and uppers of rubber or of plastics, the uppers of which are neither fixed to the sole nor
assembled by stitching, riveting, nailing, screwing, plugging or similar processes.","344","Russia","396,977",
"202406","6401","Waterproof footwear with outer soles and uppers of rubber or of plastics, the uppers of which are neither fixed to the sole nor
assembled by stitching, riveting, nailing, screwing, plugging or similar processes.","402","Argentina","2,211",
"202406","6401","Waterproof footwear with outer soles and uppers of rubber or of plastics, the uppers of which are neither fixed to the sole nor
assembled by stitching, riveting, nailing, screwing, plugging or similar processes.","410","Brazil","12,966",
"202406","6401","Waterproof footwear with outer soles and uppers of rubber or of plastics, the uppers of which are neither fixed to the sole nor
assembled by stitching, riveting, nailing, screwing, plugging or similar processes.","502","United States","17,003,244",
"202406","6402","Other footwear with outer soles and uppers of rubber or plastics.","116","Japan","56,357,144",
"202406","6402","Other footwear with outer soles and uppers of rubber or plastics.","141","Viet Nam","40,403,603",
"202406","6402","Other footwear with outer soles and uppers of rubber or plastics.","304","Germany","70,579,035",
"202406","6402","Other footwear with outer soles and uppers of rubber or plastics.","344","Russia","131,974,134",
"202406","6402","Other footwear with outer soles and uppers of rubber or plastics.","402","Argentina","1,301,177",
"202406","6402","Other footwear with outer soles and uppers of rubber or plastics.","410","Brazil","1,680,202",
"202406","6402","Other footwear with outer soles and uppers of rubber or plastics.","502","United States","370,697,380",
"202406","6403","ootwear with outer soles of rubber, plastics, leather or composition leather and uppers of leather.","116","Japan","10,766,290",
"202406","6403","ootwear with outer soles of rubber, plastics, leather or composition leather and uppers of leather.","141","Viet Nam","8,831,935",
"202406","6403","ootwear with outer soles of rubber, plastics, leather or composition leather and uppers of leather.","304","Germany","27,006,237",
"202406","6403","ootwear with outer soles of rubber, plastics, leather or composition leather and uppers of leather.","344","Russia","87,700,587",
"202406","6403","ootwear with outer soles of rubber, plastics, leather or composition leather and uppers of leather.","402","Argentina","1,657,763",
"202406","6403","ootwear with outer soles of rubber, plastics, leather or composition leather and uppers of leather.","410","Brazil","316,541",
"202406","6403","ootwear with outer soles of rubber, plastics, leather or composition leather and uppers of leather.","502","United States","230,915,381",
"202406","6404","Footwear with outer soles of rubber, plastics, leather or composition leather and uppers of textile materials.","116","Japan","45,609,822",
"202406","6404","Footwear with outer soles of rubber, plastics, leather or composition leather and uppers of textile materials.","141","Viet Nam","11,661,957",
"202406","6404","Footwear with outer soles of rubber, plastics, leather or composition leather and uppers of textile materials.","304","Germany","35,385,027",
"202406","6404","Footwear with outer soles of rubber, plastics, leather or composition leather and uppers of textile materials.","344","Russia","67,210,388",
"202406","6404","Footwear with outer soles of rubber, plastics, leather or composition leather and uppers of textile materials.","402","Argentina","1,048,097",
"202406","6404","Footwear with outer soles of rubber, plastics, leather or composition leather and uppers of textile materials.","410","Brazil","1,449,755",
"202406","6404","Footwear with outer soles of rubber, plastics, leather or composition leather and uppers of textile materials.","502","United States","270,208,634",
"202406","6405","Other footwear.","116","Japan","4,801,154",
"202406","6405","Other footwear.","141","Viet Nam","1,359,571",
"202406","6405","Other footwear.","304","Germany","2,855,288",
"202406","6405","Other footwear.","344","Russia","2,515,212",
"202406","6405","Other footwear.","402","Argentina","3,024",
"202406","6405","Other footwear.","410","Brazil","109,592",
"202406","6405","Other footwear.","502","United States","30,020,076",
"202407","6401","Waterproof footwear with outer soles and uppers of rubber or of plastics, the uppers of which are neither fixed to the sole nor
assembled by stitching, riveting, nailing, screwing, plugging or similar processes.","116","Japan","5,664,115",
"202407","6401","Waterproof footwear with outer soles and uppers of rubber or of plastics, the uppers of which are neither fixed to the sole nor
assembled by stitching, riveting, nailing, screwing, plugging or similar processes.","141","Viet Nam","761,109",
"202407","6401","Waterproof footwear with outer soles and uppers of rubber or of plastics, the uppers of which are neither fixed to the sole nor
assembled by stitching, riveting, nailing, screwing, plugging or similar processes.","304","Germany","3,134,429",
"202407","6401","Waterproof footwear with outer soles and uppers of rubber or of plastics, the uppers of which are neither fixed to the sole nor
assembled by stitching, riveting, nailing, screwing, plugging or similar processes.","344","Russia","701,328",
"202407","6401","Waterproof footwear with outer soles and uppers of rubber or of plastics, the uppers of which are neither fixed to the sole nor
assembled by stitching, riveting, nailing, screwing, plugging or similar processes.","402","Argentina","1,400",
"202407","6401","Waterproof footwear with outer soles and uppers of rubber or of plastics, the uppers of which are neither fixed to the sole nor
assembled by stitching, riveting, nailing, screwing, plugging or similar processes.","410","Brazil","105,028",
"202407","6401","Waterproof footwear with outer soles and uppers of rubber or of plastics, the uppers of which are neither fixed to the sole nor
assembled by stitching, riveting, nailing, screwing, plugging or similar processes.","502","United States","17,818,631",
"202407","6402","Other footwear with outer soles and uppers of rubber or plastics.","116","Japan","70,749,914",
"202407","6402","Other footwear with outer soles and uppers of rubber or plastics.","141","Viet Nam","33,962,253",
"202407","6402","Other footwear with outer soles and uppers of rubber or plastics.","304","Germany","78,141,274",
"202407","6402","Other footwear with outer soles and uppers of rubber or plastics.","344","Russia","107,757,520",
"202407","6402","Other footwear with outer soles and uppers of rubber or plastics.","402","Argentina","1,388,264",
"202407","6402","Other footwear with outer soles and uppers of rubber or plastics.","410","Brazil","1,044,093",
"202407","6402","Other footwear with outer soles and uppers of rubber or plastics.","502","United States","382,991,016",
"202407","6403","ootwear with outer soles of rubber, plastics, leather or composition leather and uppers of leather.","116","Japan","16,821,866",
"202407","6403","ootwear with outer soles of rubber, plastics, leather or composition leather and uppers of leather.","141","Viet Nam","10,508,639",
"202407","6403","ootwear with outer soles of rubber, plastics, leather or composition leather and uppers of leather.","304","Germany","26,469,928",
"202407","6403","ootwear with outer soles of rubber, plastics, leather or composition leather and uppers of leather.","344","Russia","107,731,015",
"202407","6403","ootwear with outer soles of rubber, plastics, leather or composition leather and uppers of leather.","402","Argentina","1,332,927",
"202407","6403","ootwear with outer soles of rubber, plastics, leather or composition leather and uppers of leather.","410","Brazil","688,500",
"202407","6403","ootwear with outer soles of rubber, plastics, leather or composition leather and uppers of leather.","502","United States","258,689,554",
"202407","6404","Footwear with outer soles of rubber, plastics, leather or composition leather and uppers of textile materials.","116","Japan","55,649,190",
"202407","6404","Footwear with outer soles of rubber, plastics, leather or composition leather and uppers of textile materials.","141","Viet Nam","9,356,334",
"202407","6404","Footwear with outer soles of rubber, plastics, leather or composition leather and uppers of textile materials.","304","Germany","37,695,947",
"202407","6404","Footwear with outer soles of rubber, plastics, leather or composition leather and uppers of textile materials.","344","Russia","57,873,573",
"202407","6404","Footwear with outer soles of rubber, plastics, leather or composition leather and uppers of textile materials.","402","Argentina","1,599,332",
"202407","6404","Footwear with outer soles of rubber, plastics, leather or composition leather and uppers of textile materials.","410","Brazil","1,870,304",
"202407","6404","Footwear with outer soles of rubber, plastics, leather or composition leather and uppers of textile materials.","502","United States","296,914,239",
"202407","6405","Other footwear.","116","Japan","7,738,962",
"202407","6405","Other footwear.","141","Viet Nam","691,435",
"202407","6405","Other footwear.","304","Germany","3,422,054",
"202407","6405","Other footwear.","344","Russia","2,393,261",
"202407","6405","Other footwear.","402","Argentina","5,157",
"202407","6405","Other footwear.","410","Brazil","137,073",
"202407","6405","Other footwear.","502","United States","43,886,512",
"202408","6401","Waterproof footwear with outer soles and uppers of rubber or of plastics, the uppers of which are neither fixed to the sole nor
assembled by stitching, riveting, nailing, screwing, plugging or similar processes.","116","Japan","9,189,550",
"202408","6401","Waterproof footwear with outer soles and uppers of rubber or of plastics, the uppers of which are neither fixed to the sole nor
assembled by stitching, riveting, nailing, screwing, plugging or similar processes.","141","Viet Nam","394,739",
"202408","6401","Waterproof footwear with outer soles and uppers of rubber or of plastics, the uppers of which are neither fixed to the sole nor
assembled by stitching, riveting, nailing, screwing, plugging or similar processes.","304","Germany","1,475,136",
"202408","6401","Waterproof footwear with outer soles and uppers of rubber or of plastics, the uppers of which are neither fixed to the sole nor
assembled by stitching, riveting, nailing, screwing, plugging or similar processes.","344","Russia","313,154",
"202408","6401","Waterproof footwear with outer soles and uppers of rubber or of plastics, the uppers of which are neither fixed to the sole nor
assembled by stitching, riveting, nailing, screwing, plugging or similar processes.","402","Argentina","5,800",
"202408","6401","Waterproof footwear with outer soles and uppers of rubber or of plastics, the uppers of which are neither fixed to the sole nor
assembled by stitching, riveting, nailing, screwing, plugging or similar processes.","410","Brazil","20,048",
"202408","6401","Waterproof footwear with outer soles and uppers of rubber or of plastics, the uppers of which are neither fixed to the sole nor
assembled by stitching, riveting, nailing, screwing, plugging or similar processes.","502","United States","17,696,297",
"202408","6402","Other footwear with outer soles and uppers of rubber or plastics.","116","Japan","75,038,162",
"202408","6402","Other footwear with outer soles and uppers of rubber or plastics.","141","Viet Nam","35,046,870",
"202408","6402","Other footwear with outer soles and uppers of rubber or plastics.","304","Germany","77,365,308",
"202408","6402","Other footwear with outer soles and uppers of rubber or plastics.","344","Russia","127,785,026",
"202408","6402","Other footwear with outer soles and uppers of rubber or plastics.","402","Argentina","1,779,876",
"202408","6402","Other footwear with outer soles and uppers of rubber or plastics.","410","Brazil","1,835,733",
"202408","6402","Other footwear with outer soles and uppers of rubber or plastics.","502","United States","345,208,035",
"202408","6403","ootwear with outer soles of rubber, plastics, leather or composition leather and uppers of leather.","116","Japan","17,863,778",
"202408","6403","ootwear with outer soles of rubber, plastics, leather or composition leather and uppers of leather.","141","Viet Nam","13,692,102",
"202408","6403","ootwear with outer soles of rubber, plastics, leather or composition leather and uppers of leather.","304","Germany","25,327,358",
"202408","6403","ootwear with outer soles of rubber, plastics, leather or composition leather and uppers of leather.","344","Russia","116,229,503",
"202408","6403","ootwear with outer soles of rubber, plastics, leather or composition leather and uppers of leather.","402","Argentina","1,231,784",
"202408","6403","ootwear with outer soles of rubber, plastics, leather or composition leather and uppers of leather.","410","Brazil","583,670",
"202408","6403","ootwear with outer soles of rubber, plastics, leather or composition leather and uppers of leather.","502","United States","232,182,787",
"202408","6404","Footwear with outer soles of rubber, plastics, leather or composition leather and uppers of textile materials.","116","Japan","57,739,976",
"202408","6404","Footwear with outer soles of rubber, plastics, leather or composition leather and uppers of textile materials.","141","Viet Nam","10,647,600",
"202408","6404","Footwear with outer soles of rubber, plastics, leather or composition leather and uppers of textile materials.","304","Germany","36,992,176",
"202408","6404","Footwear with outer soles of rubber, plastics, leather or composition leather and uppers of textile materials.","344","Russia","59,745,907",
"202408","6404","Footwear with outer soles of rubber, plastics, leather or composition leather and uppers of textile materials.","402","Argentina","1,656,075",
"202408","6404","Footwear with outer soles of rubber, plastics, leather or composition leather and uppers of textile materials.","410","Brazil","1,954,721",
"202408","6404","Footwear with outer soles of rubber, plastics, leather or composition leather and uppers of textile materials.","502","United States","314,977,470",
"202408","6405","Other footwear.","116","Japan","9,184,908",
"202408","6405","Other footwear.","141","Viet Nam","664,048",
"202408","6405","Other footwear.","304","Germany","3,935,177",
"202408","6405","Other footwear.","344","Russia","1,686,350",
"202408","6405","Other footwear.","402","Argentina","14,365",
"202408","6405","Other footwear.","410","Brazil","289,557",
"202408","6405","Other footwear.","502","United States","49,546,898",
"202409","6401","Waterproof footwear with outer soles and uppers of rubber or of plastics, the uppers of which are neither fixed to the sole nor
assembled by stitching, riveting, nailing, screwing, plugging or similar processes.","116","Japan","9,159,051",
"202409","6401","Waterproof footwear with outer soles and uppers of rubber or of plastics, the uppers of which are neither fixed to the sole nor
assembled by stitching, riveting, nailing, screwing, plugging or similar processes.","141","Viet Nam","285,690",
"202409","6401","Waterproof footwear with outer soles and uppers of rubber or of plastics, the uppers of which are neither fixed to the sole nor
assembled by stitching, riveting, nailing, screwing, plugging or similar processes.","304","Germany","1,004,161",
"202409","6401","Waterproof footwear with outer soles and uppers of rubber or of plastics, the uppers of which are neither fixed to the sole nor
assembled by stitching, riveting, nailing, screwing, plugging or similar processes.","344","Russia","590,743",
"202409","6401","Waterproof footwear with outer soles and uppers of rubber or of plastics, the uppers of which are neither fixed to the sole nor
assembled by stitching, riveting, nailing, screwing, plugging or similar processes.","402","Argentina","25,679",
"202409","6401","Waterproof footwear with outer soles and uppers of rubber or of plastics, the uppers of which are neither fixed to the sole nor
assembled by stitching, riveting, nailing, screwing, plugging or similar processes.","410","Brazil","54,566",
"202409","6401","Waterproof footwear with outer soles and uppers of rubber or of plastics, the uppers of which are neither fixed to the sole nor
assembled by stitching, riveting, nailing, screwing, plugging or similar processes.","502","United States","15,463,009",
"202409","6402","Other footwear with outer soles and uppers of rubber or plastics.","116","Japan","74,200,160",
"202409","6402","Other footwear with outer soles and uppers of rubber or plastics.","141","Viet Nam","32,597,964",
"202409","6402","Other footwear with outer soles and uppers of rubber or plastics.","304","Germany","39,605,336",
"202409","6402","Other footwear with outer soles and uppers of rubber or plastics.","344","Russia","75,072,964",
"202409","6402","Other footwear with outer soles and uppers of rubber or plastics.","402","Argentina","1,288,577",
"202409","6402","Other footwear with outer soles and uppers of rubber or plastics.","410","Brazil","850,574",
"202409","6402","Other footwear with outer soles and uppers of rubber or plastics.","502","United States","274,944,866",
"202409","6403","ootwear with outer soles of rubber, plastics, leather or composition leather and uppers of leather.","116","Japan","13,018,218",
"202409","6403","ootwear with outer soles of rubber, plastics, leather or composition leather and uppers of leather.","141","Viet Nam","14,643,784",
"202409","6403","ootwear with outer soles of rubber, plastics, leather or composition leather and uppers of leather.","304","Germany","21,447,673",
"202409","6403","ootwear with outer soles of rubber, plastics, leather or composition leather and uppers of leather.","344","Russia","73,053,456",
"202409","6403","ootwear with outer soles of rubber, plastics, leather or composition leather and uppers of leather.","402","Argentina","281,657",
"202409","6403","ootwear with outer soles of rubber, plastics, leather or composition leather and uppers of leather.","410","Brazil","209,117",
"202409","6403","ootwear with outer soles of rubber, plastics, leather or composition leather and uppers of leather.","502","United States","182,503,406",
"202409","6404","Footwear with outer soles of rubber, plastics, leather or composition leather and uppers of textile materials.","116","Japan","60,663,522",
"202409","6404","Footwear with outer soles of rubber, plastics, leather or composition leather and uppers of textile materials.","141","Viet Nam","10,958,801",
"202409","6404","Footwear with outer soles of rubber, plastics, leather or composition leather and uppers of textile materials.","304","Germany","30,901,065",
"202409","6404","Footwear with outer soles of rubber, plastics, leather or composition leather and uppers of textile materials.","344","Russia","44,834,514",
"202409","6404","Footwear with outer soles of rubber, plastics, leather or composition leather and uppers of textile materials.","402","Argentina","1,093,839",
"202409","6404","Footwear with outer soles of rubber, plastics, leather or composition leather and uppers of textile materials.","410","Brazil","1,398,870",
"202409","6404","Footwear with outer soles of rubber, plastics, leather or composition leather and uppers of textile materials.","502","United States","257,380,997",
"202409","6405","Other footwear.","116","Japan","10,746,140",
"202409","6405","Other footwear.","141","Viet Nam","955,378",
"202409","6405","Other footwear.","304","Germany","3,452,576",
"202409","6405","Other footwear.","344","Russia","1,241,105",
"202409","6405","Other footwear.","402","Argentina","157,271",
"202409","6405","Other footwear.","410","Brazil","105,937",
"202409","6405","Other footwear.","502","United States","40,630,663",
"202410","6401","Waterproof footwear with outer soles and uppers of rubber or of plastics, the uppers of which are neither fixed to the sole nor
assembled by stitching, riveting, nailing, screwing, plugging or similar processes.","116","Japan","6,509,962",
"202410","6401","Waterproof footwear with outer soles and uppers of rubber or of plastics, the uppers of which are neither fixed to the sole nor
assembled by stitching, riveting, nailing, screwing, plugging or similar processes.","141","Viet Nam","901,804",
"202410","6401","Waterproof footwear with outer soles and uppers of rubber or of plastics, the uppers of which are neither fixed to the sole nor
assembled by stitching, riveting, nailing, screwing, plugging or similar processes.","304","Germany","1,037,781",
"202410","6401","Waterproof footwear with outer soles and uppers of rubber or of plastics, the uppers of which are neither fixed to the sole nor
assembled by stitching, riveting, nailing, screwing, plugging or similar processes.","344","Russia","563,013",
"202410","6401","Waterproof footwear with outer soles and uppers of rubber or of plastics, the uppers of which are neither fixed to the sole nor
assembled by stitching, riveting, nailing, screwing, plugging or similar processes.","402","Argentina","1,870",
"202410","6401","Waterproof footwear with outer soles and uppers of rubber or of plastics, the uppers of which are neither fixed to the sole nor
assembled by stitching, riveting, nailing, screwing, plugging or similar processes.","410","Brazil","28,063",
"202410","6401","Waterproof footwear with outer soles and uppers of rubber or of plastics, the uppers of which are neither fixed to the sole nor
assembled by stitching, riveting, nailing, screwing, plugging or similar processes.","502","United States","14,196,797",
"202410","6402","Other footwear with outer soles and uppers of rubber or plastics.","116","Japan","61,374,770",
"202410","6402","Other footwear with outer soles and uppers of rubber or plastics.","141","Viet Nam","38,353,650",
"202410","6402","Other footwear with outer soles and uppers of rubber or plastics.","304","Germany","45,038,808",
"202410","6402","Other footwear with outer soles and uppers of rubber or plastics.","344","Russia","60,633,180",
"202410","6402","Other footwear with outer soles and uppers of rubber or plastics.","402","Argentina","1,798,602",
"202410","6402","Other footwear with outer soles and uppers of rubber or plastics.","410","Brazil","1,494,313",
"202410","6402","Other footwear with outer soles and uppers of rubber or plastics.","502","United States","244,017,564",
"202410","6403","ootwear with outer soles of rubber, plastics, leather or composition leather and uppers of leather.","116","Japan","10,328,244",
"202410","6403","ootwear with outer soles of rubber, plastics, leather or composition leather and uppers of leather.","141","Viet Nam","11,574,970",
"202410","6403","ootwear with outer soles of rubber, plastics, leather or composition leather and uppers of leather.","304","Germany","22,429,411",
"202410","6403","ootwear with outer soles of rubber, plastics, leather or composition leather and uppers of leather.","344","Russia","41,527,386",
"202410","6403","ootwear with outer soles of rubber, plastics, leather or composition leather and uppers of leather.","402","Argentina","635,197",
"202410","6403","ootwear with outer soles of rubber, plastics, leather or composition leather and uppers of leather.","410","Brazil","406,425",
"202410","6403","ootwear with outer soles of rubber, plastics, leather or composition leather and uppers of leather.","502","United States","157,922,708",
"202410","6404","Footwear with outer soles of rubber, plastics, leather or composition leather and uppers of textile materials.","116","Japan","56,804,796",
"202410","6404","Footwear with outer soles of rubber, plastics, leather or composition leather and uppers of textile materials.","141","Viet Nam","13,688,962",
"202410","6404","Footwear with outer soles of rubber, plastics, leather or composition leather and uppers of textile materials.","304","Germany","36,366,825",
"202410","6404","Footwear with outer soles of rubber, plastics, leather or composition leather and uppers of textile materials.","344","Russia","34,129,706",
"202410","6404","Footwear with outer soles of rubber, plastics, leather or composition leather and uppers of textile materials.","402","Argentina","1,064,490",
"202410","6404","Footwear with outer soles of rubber, plastics, leather or composition leather and uppers of textile materials.","410","Brazil","1,630,601",
"202410","6404","Footwear with outer soles of rubber, plastics, leather or composition leather and uppers of textile materials.","502","United States","219,657,800",
"202410","6405","Other footwear.","116","Japan","9,423,998",
"202410","6405","Other footwear.","141","Viet Nam","906,849",
"202410","6405","Other footwear.","304","Germany","2,565,410",
"202410","6405","Other footwear.","344","Russia","1,498,418",
"202410","6405","Other footwear.","410","Brazil","192,078",
"202410","6405","Other footwear.","502","United States","24,511,845",
"202411","6401","Waterproof footwear with outer soles and uppers of rubber or of plastics, the uppers of which are neither fixed to the sole nor
assembled by stitching, riveting, nailing, screwing, plugging or similar processes.","116","Japan","5,807,859",
"202411","6401","Waterproof footwear with outer soles and uppers of rubber or of plastics, the uppers of which are neither fixed to the sole nor
assembled by stitching, riveting, nailing, screwing, plugging or similar processes.","141","Viet Nam","868,886",
"202411","6401","Waterproof footwear with outer soles and uppers of rubber or of plastics, the uppers of which are neither fixed to the sole nor
assembled by stitching, riveting, nailing, screwing, plugging or similar processes.","304","Germany","1,097,277",
"202411","6401","Waterproof footwear with outer soles and uppers of rubber or of plastics, the uppers of which are neither fixed to the sole nor
assembled by stitching, riveting, nailing, screwing, plugging or similar processes.","344","Russia","452,195",
"202411","6401","Waterproof footwear with outer soles and uppers of rubber or of plastics, the uppers of which are neither fixed to the sole nor
assembled by stitching, riveting, nailing, screwing, plugging or similar processes.","402","Argentina","9,120",
"202411","6401","Waterproof footwear with outer soles and uppers of rubber or of plastics, the uppers of which are neither fixed to the sole nor
assembled by stitching, riveting, nailing, screwing, plugging or similar processes.","410","Brazil","119,146",
"202411","6401","Waterproof footwear with outer soles and uppers of rubber or of plastics, the uppers of which are neither fixed to the sole nor
assembled by stitching, riveting, nailing, screwing, plugging or similar processes.","502","United States","13,459,125",
"202411","6402","Other footwear with outer soles and uppers of rubber or plastics.","116","Japan","56,550,492",
"202411","6402","Other footwear with outer soles and uppers of rubber or plastics.","141","Viet Nam","48,128,082",
"202411","6402","Other footwear with outer soles and uppers of rubber or plastics.","304","Germany","54,097,761",
"202411","6402","Other footwear with outer soles and uppers of rubber or plastics.","344","Russia","68,669,231",
"202411","6402","Other footwear with outer soles and uppers of rubber or plastics.","402","Argentina","1,899,557",
"202411","6402","Other footwear with outer soles and uppers of rubber or plastics.","410","Brazil","2,183,516",
"202411","6402","Other footwear with outer soles and uppers of rubber or plastics.","502","United States","326,767,388",
"202411","6403","ootwear with outer soles of rubber, plastics, leather or composition leather and uppers of leather.","116","Japan","9,692,416",
"202411","6403","ootwear with outer soles of rubber, plastics, leather or composition leather and uppers of leather.","141","Viet Nam","15,642,415",
"202411","6403","ootwear with outer soles of rubber, plastics, leather or composition leather and uppers of leather.","304","Germany","26,276,912",
"202411","6403","ootwear with outer soles of rubber, plastics, leather or composition leather and uppers of leather.","344","Russia","50,205,950",
"202411","6403","ootwear with outer soles of rubber, plastics, leather or composition leather and uppers of leather.","402","Argentina","860,680",
"202411","6403","ootwear with outer soles of rubber, plastics, leather or composition leather and uppers of leather.","410","Brazil","598,052",
"202411","6403","ootwear with outer soles of rubber, plastics, leather or composition leather and uppers of leather.","502","United States","185,523,897",
"202411","6404","Footwear with outer soles of rubber, plastics, leather or composition leather and uppers of textile materials.","116","Japan","53,186,415",
"202411","6404","Footwear with outer soles of rubber, plastics, leather or composition leather and uppers of textile materials.","141","Viet Nam","19,215,217",
"202411","6404","Footwear with outer soles of rubber, plastics, leather or composition leather and uppers of textile materials.","304","Germany","40,722,688",
"202411","6404","Footwear with outer soles of rubber, plastics, leather or composition leather and uppers of textile materials.","344","Russia","38,499,553",
"202411","6404","Footwear with outer soles of rubber, plastics, leather or composition leather and uppers of textile materials.","402","Argentina","1,426,075",
"202411","6404","Footwear with outer soles of rubber, plastics, leather or composition leather and uppers of textile materials.","410","Brazil","2,365,536",
"202411","6404","Footwear with outer soles of rubber, plastics, leather or composition leather and uppers of textile materials.","502","United States","242,271,857",
"202411","6405","Other footwear.","116","Japan","7,811,373",
"202411","6405","Other footwear.","141","Viet Nam","958,547",
"202411","6405","Other footwear.","304","Germany","1,693,722",
"202411","6405","Other footwear.","344","Russia","1,197,472",
"202411","6405","Other footwear.","402","Argentina","9,516",
"202411","6405","Other footwear.","410","Brazil","260,112",
"202411","6405","Other footwear.","502","United States","17,212,232",
"202412","6401","Waterproof footwear with outer soles and uppers of rubber or of plastics, the uppers of which are neither fixed to the sole nor
assembled by stitching, riveting, nailing, screwing, plugging or similar processes.","116","Japan","5,778,608",
"202412","6401","Waterproof footwear with outer soles and uppers of rubber or of plastics, the uppers of which are neither fixed to the sole nor
assembled by stitching, riveting, nailing, screwing, plugging or similar processes.","141","Viet Nam","576,860",
"202412","6401","Waterproof footwear with outer soles and uppers of rubber or of plastics, the uppers of which are neither fixed to the sole nor
assembled by stitching, riveting, nailing, screwing, plugging or similar processes.","304","Germany","2,471,079",
"202412","6401","Waterproof footwear with outer soles and uppers of rubber or of plastics, the uppers of which are neither fixed to the sole nor
assembled by stitching, riveting, nailing, screwing, plugging or similar processes.","344","Russia","1,323,173",
"202412","6401","Waterproof footwear with outer soles and uppers of rubber or of plastics, the uppers of which are neither fixed to the sole nor
assembled by stitching, riveting, nailing, screwing, plugging or similar processes.","402","Argentina","313",
"202412","6401","Waterproof footwear with outer soles and uppers of rubber or of plastics, the uppers of which are neither fixed to the sole nor
assembled by stitching, riveting, nailing, screwing, plugging or similar processes.","410","Brazil","94,062",
"202412","6401","Waterproof footwear with outer soles and uppers of rubber or of plastics, the uppers of which are neither fixed to the sole nor
assembled by stitching, riveting, nailing, screwing, plugging or similar processes.","502","United States","15,267,664",
"202412","6402","Other footwear with outer soles and uppers of rubber or plastics.","116","Japan","57,883,453",
"202412","6402","Other footwear with outer soles and uppers of rubber or plastics.","141","Viet Nam","65,546,507",
"202412","6402","Other footwear with outer soles and uppers of rubber or plastics.","304","Germany","72,706,544",
"202412","6402","Other footwear with outer soles and uppers of rubber or plastics.","344","Russia","119,701,414",
"202412","6402","Other footwear with outer soles and uppers of rubber or plastics.","402","Argentina","1,680,108",
"202412","6402","Other footwear with outer soles and uppers of rubber or plastics.","410","Brazil","1,556,571",
"202412","6402","Other footwear with outer soles and uppers of rubber or plastics.","502","United States","432,138,709",
"202412","6403","ootwear with outer soles of rubber, plastics, leather or composition leather and uppers of leather.","116","Japan","9,251,077",
"202412","6403","ootwear with outer soles of rubber, plastics, leather or composition leather and uppers of leather.","141","Viet Nam","23,800,613",
"202412","6403","ootwear with outer soles of rubber, plastics, leather or composition leather and uppers of leather.","304","Germany","27,517,832",
"202412","6403","ootwear with outer soles of rubber, plastics, leather or composition leather and uppers of leather.","344","Russia","99,206,544",
"202412","6403","ootwear with outer soles of rubber, plastics, leather or composition leather and uppers of leather.","402","Argentina","1,782,013",
"202412","6403","ootwear with outer soles of rubber, plastics, leather or composition leather and uppers of leather.","410","Brazil","1,362,803",
"202412","6403","ootwear with outer soles of rubber, plastics, leather or composition leather and uppers of leather.","502","United States","185,771,740",
"202412","6404","Footwear with outer soles of rubber, plastics, leather or composition leather and uppers of textile materials.","116","Japan","54,721,276",
"202412","6404","Footwear with outer soles of rubber, plastics, leather or composition leather and uppers of textile materials.","141","Viet Nam","26,298,259",
"202412","6404","Footwear with outer soles of rubber, plastics, leather or composition leather and uppers of textile materials.","304","Germany","56,751,463",
"202412","6404","Footwear with outer soles of rubber, plastics, leather or composition leather and uppers of textile materials.","344","Russia","85,212,763",
"202412","6404","Footwear with outer soles of rubber, plastics, leather or composition leather and uppers of textile materials.","402","Argentina","2,608,214",
"202412","6404","Footwear with outer soles of rubber, plastics, leather or composition leather and uppers of textile materials.","410","Brazil","3,429,633",
"202412","6404","Footwear with outer soles of rubber, plastics, leather or composition leather and uppers of textile materials.","502","United States","277,510,962",
"202412","6405","Other footwear.","116","Japan","5,540,658",
"202412","6405","Other footwear.","141","Viet Nam","3,111,596",
"202412","6405","Other footwear.","304","Germany","1,184,276",
"202412","6405","Other footwear.","344","Russia","1,173,529",
"202412","6405","Other footwear.","402","Argentina","212,174",
"202412","6405","Other footwear.","410","Brazil","870,808",
"202412","6405","Other footwear.","502","United States","14,036,636",
